location Menton is "Menton Italy"
location Imperia is "Imperia Italy"
location La_Spezia is "La Spezia Italy"
location Fanciullo is "Fanciullo Italy"
location Naples is "Naples Italy"
location MarinaDiStabia is "Marina Di Stabia, Italy"
location Sorrento is "Sorrento Italy"
location MarinaPiccola is "Marina Piccola, Sorrento, Italy"
location Termini is "Termini Italy"
location Amalfi is "Amalfi Italy"
location Salerno is "Salerno Italy"
location Capri is "Capri Italy"
location Ischia is "Ischia Italy"
location Formia is "Formia Italy"
location Anzio is "Anzio Italy"
location Ostia is "Ostia Italy"
location Orbetello is "Orbetello Italy"
location Follonica is "Follonica Italy"
location Piombino is "Piombino Italy"
location Portoferraio is "Portoferraio Italy"
location Livorno is "Livorno Italy"
location Chiavari is "Chiavari Italy"
location Genoa is "Genoa Italy"
